epoch,lr-AdamW,step,train/ADE_epoch,train/ADE_step,train/CV_ADE_epoch,train/CV_ADE_step,train/CV_FDE_epoch,train/CV_FDE_step,train/FDE_epoch,train/FDE_step,train/loss_epoch,train/loss_step,train/occ_epoch,train/occ_step,train/traj_epoch,train/traj_step,val/ADE,val/CV_ADE,val/CV_FDE,val/FDE,val/loss,val/occ,val/traj
,0.0003,0,,,,,,,,,,,,,,,,,,,,,
0,,9,,2.504591941833496,,2.446608304977417,,5.083662033081055,,5.133669853210449,,1.7879319190979004,,0.8542113900184631,,0.9337205290794373,,,,,,,
0,,19,,0.5427931547164917,,0.12080702185630798,,0.14166530966758728,,0.5913749933242798,,0.9037184119224548,,0.8092736005783081,,0.09444481879472733,,,,,,,
0,,29,,0.5411360859870911,,0.4693549573421478,,0.9867395758628845,,0.9937258958816528,,0.6262065172195435,,0.5252335667610168,,0.100972980260849,,,,,,,
0,,39,,3.9792470932006836,,3.986196517944336,,9.029557228088379,,9.004356384277344,,2.5717782974243164,,0.6513065099716187,,1.9204716682434082,,,,,,,
0,,49,,2.7472424507141113,,2.675234794616699,,6.7416229248046875,,6.862020015716553,,1.5194096565246582,,0.5401396155357361,,0.9792700409889221,,,,,,,
0,,59,,3.257849931716919,,3.2330734729766846,,8.364814758300781,,8.44794750213623,,1.6241480112075806,,0.44453632831573486,,1.1796116828918457,,,,,,,
0,,69,,4.363140106201172,,4.4429426193237305,,12.005550384521484,,11.854161262512207,,2.523430824279785,,0.4876595139503479,,2.035771369934082,,,,,,,
0,,79,,0.8677505254745483,,0.8271052241325378,,0.43732258677482605,,0.8170390129089355,,0.6272799968719482,,0.48401087522506714,,0.14326909184455872,,,,,,,
0,,89,,2.323936939239502,,2.314368724822998,,4.895484447479248,,4.901270389556885,,1.2702057361602783,,0.5023135542869568,,0.7678921818733215,,,,,,,
0,,99,,13.254093170166016,,13.254803657531738,,22.678298950195312,,22.682310104370117,,5.098954677581787,,0.6187822222709656,,4.480172634124756,,,,,,,
0,,109,,0.14146137237548828,,0.07471662014722824,,0.07999236136674881,,0.414522260427475,,0.33726969361305237,,0.33197829127311707,,0.005291388835757971,,,,,,,
0,,119,,0.39691486954689026,,0.3445111811161041,,0.45228755474090576,,0.44221821427345276,,0.5926428437232971,,0.5487644076347351,,0.04387843608856201,,,,,,,
0,,129,,0.11474284529685974,,8.136588439811021e-05,,6.102456973167136e-05,,0.06567887216806412,,0.4963962733745575,,0.4941631853580475,,0.0022330856882035732,,,,,,,
0,,139,,2.8909058570861816,,3.0074615478515625,,7.90329122543335,,7.725522518157959,,1.9031376838684082,,0.46383118629455566,,1.4393064975738525,,,,,,,
0,,149,,1.1152540445327759,,1.1964319944381714,,1.461294174194336,,1.281468152999878,,0.787613570690155,,0.3903953731060028,,0.3972181975841522,,,,,,,
0,,159,,4.220098495483398,,4.222169876098633,,9.852724075317383,,9.866273880004883,,2.3333277702331543,,0.4583982825279236,,1.874929428100586,,,,,,,
0,,160,,,,,,,,,,,,,,,3.1400530338287354,3.0119755268096924,6.455367565155029,6.738777160644531,1.7311118841171265,0.5369923114776611,1.1941196918487549
0,,160,3.1075305938720703,,3.0510756969451904,,6.9836297035217285,,7.065777778625488,,1.7602429389953613,,0.530784010887146,,1.2294590473175049,,,,,,,,
,0.0002997040092642407,161,,,,,,,,,,,,,,,,,,,,,
1,,169,,13.45433521270752,,13.018982887268066,,22.345523834228516,,23.304405212402344,,4.991697311401367,,0.45803770422935486,,4.5336594581604,,,,,,,
1,,179,,6.5974650382995605,,6.486521244049072,,14.564690589904785,,14.885428428649902,,3.672473192214966,,0.4997175335884094,,3.172755718231201,,,,,,,
1,,189,,0.1616368293762207,,0.00022073305444791913,,0.000389365159207955,,0.29074305295944214,,0.4439685344696045,,0.4358252286911011,,0.008143313229084015,,,,,,,
1,,199,,0.13204649090766907,,0.000653938390314579,,0.0008519664988853037,,0.4013780355453491,,0.596703052520752,,0.5902194380760193,,0.006483607459813356,,,,,,,
1,,209,,1.3037811517715454,,1.298686146736145,,2.8412036895751953,,2.8444643020629883,,0.9041316509246826,,0.43893593549728394,,0.4651956856250763,,,,,,,
1,,219,,3.2631568908691406,,3.0608346462249756,,7.360474586486816,,7.629482746124268,,1.6758017539978027,,0.548964262008667,,1.1268374919891357,,,,,,,
1,,229,,1.123866081237793,,1.123175859451294,,2.3209176063537598,,2.3101301193237305,,0.9356523752212524,,0.5809128880500793,,0.3547395169734955,,,,,,,
1,,239,,0.3564591407775879,,0.3358805775642395,,0.38095957040786743,,0.42409050464630127,,0.6359428763389587,,0.6003138422966003,,0.03562905639410019,,,,,,,
1,,249,,0.38082826137542725,,0.3603958189487457,,0.6303779482841492,,0.6324672698974609,,0.510187029838562,,0.45543786883354187,,0.05474917218089104,,,,,,,
1,,259,,1.0552878379821777,,1.0431216955184937,,2.363105297088623,,2.3919341564178467,,0.7142560482025146,,0.4198774993419647,,0.2943785488605499,,,,,,,
1,,269,,16.618301391601562,,16.619592666625977,,28.997913360595703,,28.990570068359375,,6.702468395233154,,0.6559726595878601,,6.0464959144592285,,,,,,,
1,,279,,0.20427051186561584,,0.0453035868704319,,0.11024121195077896,,0.403810054063797,,0.46447136998176575,,0.45363759994506836,,0.010833779349923134,,,,,,,
1,,289,,3.5793814659118652,,3.6934032440185547,,7.102164268493652,,6.923487663269043,,2.314396381378174,,0.5123729705810547,,1.8020235300064087,,,,,,,
1,,299,,2.595313787460327,,2.4638898372650146,,5.256180286407471,,5.477697849273682,,1.5369160175323486,,0.5518322587013245,,0.985083818435669,,,,,,,
1,,309,,1.9759422540664673,,1.9984537363052368,,5.593060493469238,,5.692921161651611,,1.1176462173461914,,0.36154115200042725,,0.7561050653457642,,,,,,,
1,,319,,4.176072597503662,,4.126989364624023,,9.18196964263916,,9.395261764526367,,2.018240213394165,,0.5580369234085083,,1.4602032899856567,,,,,,,
1,,321,,,,,,,,,,,,,,,3.031639575958252,3.0119755268096924,6.455367565155029,6.532632827758789,1.6881107091903687,0.5289419889450073,1.1591684818267822
1,,321,3.1066269874572754,,3.0510756969451904,,6.9836273193359375,,7.087180137634277,,1.7184312343597412,,0.49209466576576233,,1.2263363599777222,,,,,,,,
,0.0002988172051971717,322,,,,,,,,,,,,,,,,,,,,,
2,,329,,8.106266021728516,,8.134309768676758,,19.345779418945312,,19.257009506225586,,4.361878395080566,,0.44290459156036377,,3.918973684310913,,,,,,,
2,,339,,2.301278829574585,,2.296553611755371,,5.134476184844971,,5.134496212005615,,1.4425270557403564,,0.6633237600326538,,0.7792032957077026,,,,,,,
2,,349,,4.371728420257568,,4.371294021606445,,7.561300277709961,,7.562623023986816,,2.015491485595703,,0.5725595951080322,,1.442931890487671,,,,,,,
2,,359,,0.3632909059524536,,0.466516375541687,,1.0205750465393066,,0.8030472993850708,,0.5057250261306763,,0.45662665367126465,,0.04909834638237953,,,,,,,
2,,369,,2.8323349952697754,,2.805908679962158,,6.59214973449707,,6.5031538009643555,,1.4084784984588623,,0.43478429317474365,,0.9736942052841187,,,,,,,
2,,379,,1.9139173030853271,,1.9299616813659668,,4.2688703536987305,,4.313549041748047,,1.150869607925415,,0.44919365644454956,,0.7016758918762207,,,,,,,
2,,389,,4.9066314697265625,,4.930112361907959,,13.211128234863281,,13.219995498657227,,2.7395546436309814,,0.5092720985412598,,2.2302825450897217,,,,,,,
2,,399,,8.673205375671387,,8.615524291992188,,21.70084571838379,,21.767982482910156,,4.077510833740234,,0.3972455859184265,,3.680265426635742,,,,,,,
2,,409,,2.332183837890625,,2.3145692348480225,,4.895751953125,,4.897216796875,,1.2038003206253052,,0.4299704134464264,,0.7738299369812012,,,,,,,
2,,419,,4.48098087310791,,4.514963626861572,,8.022574424743652,,7.906111717224121,,2.7276792526245117,,0.5337501764297485,,2.1939291954040527,,,,,,,
2,,429,,0.08516477048397064,,0.00026765349321067333,,0.00040653819451108575,,0.20858295261859894,,0.6210625767707825,,0.6187831163406372,,0.002279466949403286,,,,,,,
2,,439,,0.2383459359407425,,0.1982879638671875,,0.3077550530433655,,0.3440229892730713,,0.584673285484314,,0.5652827024459839,,0.019390562549233437,,,,,,,
2,,449,,4.090580940246582,,4.088308811187744,,9.112760543823242,,9.057373046875,,2.033430576324463,,0.44469666481018066,,1.5887337923049927,,,,,,,
2,,459,,0.29318684339523315,,0.2138744741678238,,0.32100120186805725,,0.4322318136692047,,0.5907014012336731,,0.5686560869216919,,0.022045336663722992,,,,,,,
2,,469,,5.808868408203125,,5.900519371032715,,14.545595169067383,,14.354013442993164,,3.54264760017395,,0.4929494857788086,,3.0496981143951416,,,,,,,
2,,479,,3.8596887588500977,,3.828916072845459,,8.73981761932373,,8.756901741027832,,1.9387116432189941,,0.48769694566726685,,1.4510146379470825,,,,,,,
2,,482,,,,,,,,,,,,,,,3.043246030807495,3.0119755268096924,6.455367565155029,6.509790897369385,1.6795216798782349,0.5198969841003418,1.1596245765686035
2,,482,3.0838747024536133,,3.0510756969451904,,6.9836297035217285,,7.044611930847168,,1.7147772312164307,,0.49026376008987427,,1.2245138883590698,,,,,,,,
,0.0002973430876093033,483,,,,,,,,,,,,,,,,,,,,,
3,,489,,3.173104763031006,,3.0881409645080566,,6.985337257385254,,7.142439842224121,,1.5752830505371094,,0.46090254187583923,,1.1143804788589478,,,,,,,
3,,499,,2.028965711593628,,1.9494447708129883,,6.399397850036621,,6.5116472244262695,,1.34892737865448,,0.41946640610694885,,0.9294609427452087,,,,,,,
3,,509,,0.1393839418888092,,0.003306097351014614,,0.005576001480221748,,0.2451477348804474,,0.3970770239830017,,0.3929860591888428,,0.00409096572548151,,,,,,,
3,,519,,4.231081485748291,,4.236189842224121,,9.500126838684082,,9.549346923828125,,2.3243348598480225,,0.479702889919281,,1.8446319103240967,,,,,,,
3,,529,,2.3906142711639404,,2.3858225345611572,,4.409250259399414,,4.410069465637207,,1.268239140510559,,0.3801725506782532,,0.8880665898323059,,,,,,,
3,,539,,0.1727818101644516,,0.15345025062561035,,0.19836217164993286,,0.1991165280342102,,0.6154987215995789,,0.6056296825408936,,0.009869013912975788,,,,,,,
3,,549,,0.41543886065483093,,0.39053162932395935,,0.7635090351104736,,0.7846024632453918,,0.5516021251678467,,0.48070043325424194,,0.07090168446302414,,,,,,,
3,,559,,0.2894262969493866,,0.21643278002738953,,0.44722792506217957,,0.577377200126648,,0.5614042282104492,,0.5235777497291565,,0.037826456129550934,,,,,,,
3,,569,,14.391921997070312,,14.394246101379395,,25.4342098236084,,25.54572105407715,,6.059057235717773,,0.7258561849594116,,5.333200931549072,,,,,,,
3,,579,,2.781642198562622,,2.7389585971832275,,8.439085006713867,,8.508875846862793,,1.7193886041641235,,0.38882923126220703,,1.3305593729019165,,,,,,,
3,,589,,2.695103406906128,,2.699303388595581,,6.100705623626709,,6.0646162033081055,,1.3382084369659424,,0.39822661876678467,,0.9399818778038025,,,,,,,
3,,599,,3.743264675140381,,3.7981863021850586,,9.190258979797363,,9.031510353088379,,2.1732211112976074,,0.42526504397392273,,1.7479560375213623,,,,,,,
3,,609,,5.980640888214111,,5.98210334777832,,12.976741790771484,,12.989822387695312,,3.3807291984558105,,0.5440088510513306,,2.8367204666137695,,,,,,,
3,,619,,6.748911380767822,,6.773134231567383,,15.560087203979492,,15.478623390197754,,3.328620672225952,,0.44603607058525085,,2.882584571838379,,,,,,,
3,,629,,2.3359804153442383,,2.323904037475586,,5.479373931884766,,5.475218772888184,,1.4420747756958008,,0.5214133262634277,,0.920661449432373,,,,,,,
3,,639,,1.4697237014770508,,1.4631309509277344,,2.6909282207489014,,2.7187259197235107,,0.954364001750946,,0.5065895915031433,,0.44777441024780273,,,,,,,
3,,643,,,,,,,,,,,,,,,3.064950704574585,3.0119755268096924,6.455367565155029,6.6426286697387695,1.6886131763458252,0.5169316530227661,1.1716810464859009
3,,643,3.083571195602417,,3.0510756969451904,,6.983625888824463,,7.032797336578369,,1.7114109992980957,,0.4874591827392578,,1.223951816558838,,,,,,,,
,0.00029528747416929463,644,,,,,,,,,,,,,,,,,,,,,
4,,649,,2.409451961517334,,2.401578664779663,,3.077362060546875,,3.135319232940674,,1.5898818969726562,,0.4003075957298279,,1.1895743608474731,,,,,,,
4,,659,,6.00284481048584,,5.919325828552246,,12.887112617492676,,13.064791679382324,,2.932429790496826,,0.4091024398803711,,2.523327350616455,,,,,,,
4,,669,,0.15289735794067383,,5.593882087850943e-05,,6.1024005844956264e-05,,0.21019217371940613,,0.42967554926872253,,0.42447182536125183,,0.005203729495406151,,,,,,,
4,,679,,2.2510018348693848,,2.2257611751556396,,4.730981826782227,,4.730638027191162,,1.56947660446167,,0.6161590814590454,,0.9533175826072693,,,,,,,
4,,689,,9.048114776611328,,8.996798515319824,,20.359966278076172,,20.487974166870117,,4.788864612579346,,0.46500787138938904,,4.323856830596924,,,,,,,
4,,699,,0.9301062226295471,,0.9178580641746521,,1.8012882471084595,,1.8104101419448853,,0.6309672594070435,,0.3842492699623108,,0.24671800434589386,,,,,,,
4,,709,,3.2631819248199463,,3.253480911254883,,7.595080852508545,,7.615883827209473,,2.1290504932403564,,0.5779502391815186,,1.551100254058838,,,,,,,
4,,719,,4.190466403961182,,4.186264991760254,,11.51513385772705,,11.495847702026367,,2.194685935974121,,0.5484125018119812,,1.6462734937667847,,,,,,,
4,,729,,0.11653396487236023,,0.0007576416246592999,,0.0012201382778584957,,0.2368515431880951,,0.4754196107387543,,0.47151678800582886,,0.0039028229657560587,,,,,,,
4,,739,,0.5375905632972717,,0.45585495233535767,,1.0269566774368286,,1.3285105228424072,,0.62369704246521,,0.4862040877342224,,0.13749292492866516,,,,,,,
4,,749,,5.238413333892822,,5.192539691925049,,11.33414077758789,,11.445808410644531,,2.378620147705078,,0.43683376908302307,,1.9417864084243774,,,,,,,
4,,759,,2.8400917053222656,,2.837554931640625,,6.789465427398682,,6.79444694519043,,1.4330843687057495,,0.4397676885128021,,0.9933167099952698,,,,,,,
4,,769,,2.392662763595581,,2.3956806659698486,,5.920098304748535,,5.947566986083984,,1.459918737411499,,0.5613508224487305,,0.8985679745674133,,,,,,,
4,,779,,0.09637133777141571,,5.085381053504534e-05,,6.102456973167136e-05,,0.2162807583808899,,0.4187034070491791,,0.4170686602592468,,0.0016347449272871017,,,,,,,
4,,789,,5.268815040588379,,5.247513771057129,,8.959098815917969,,9.015464782714844,,3.1138131618499756,,0.47052502632141113,,2.6432881355285645,,,,,,,
4,,799,,5.863796234130859,,5.816796779632568,,13.949004173278809,,13.995782852172852,,3.3254635334014893,,0.533081591129303,,2.792382001876831,,,,,,,
4,,804,,,,,,,,,,,,,,,3.075916290283203,3.0119755268096924,6.455367565155029,6.605866432189941,1.6882063150405884,0.5175682902336121,1.170637607574463
4,,804,3.0856635570526123,,3.0510756969451904,,6.983628749847412,,7.05571174621582,,1.7112925052642822,,0.48730725049972534,,1.223984718322754,,,,,,,,
,0.00029265847744427303,805,,,,,,,,,,,,,,,,,,,,,
5,,809,,2.387460470199585,,2.273317813873291,,5.420462608337402,,5.666077613830566,,1.4309043884277344,,0.5906433463096619,,0.8402609825134277,,,,,,,
5,,819,,0.7094550132751465,,0.6411049365997314,,0.8583138585090637,,1.0484778881072998,,0.7031955122947693,,0.4929799735546112,,0.21021555364131927,,,,,,,
5,,829,,0.1520848423242569,,0.00038621004205197096,,0.0004333961696829647,,0.3179801106452942,,0.46696504950523376,,0.46055376529693604,,0.006411286536604166,,,,,,,
5,,839,,3.8514695167541504,,3.8102052211761475,,11.410087585449219,,11.41346549987793,,1.933537244796753,,0.408717542886734,,1.5248197317123413,,,,,,,
5,,849,,3.2984890937805176,,3.2953553199768066,,8.601347923278809,,8.624312400817871,,2.1210620403289795,,0.4609985649585724,,1.66006338596344,,,,,,,
5,,859,,1.9106948375701904,,1.9977490901947021,,5.512641429901123,,5.216533184051514,,1.1669174432754517,,0.4565945267677307,,0.710322916507721,,,,,,,
5,,869,,2.553492546081543,,2.4626362323760986,,5.4606852531433105,,5.823192596435547,,1.3575490713119507,,0.39556530117988586,,0.9619837999343872,,,,,,,
5,,879,,5.4710564613342285,,5.4054107666015625,,13.112794876098633,,13.434486389160156,,2.677838087081909,,0.5972070097923279,,2.0806310176849365,,,,,,,
5,,889,,8.09327507019043,,8.097188949584961,,15.750444412231445,,15.68317699432373,,4.094257354736328,,0.46296820044517517,,3.63128924369812,,,,,,,
5,,899,,6.429301738739014,,6.409628391265869,,18.86065673828125,,18.795394897460938,,3.661705493927002,,0.47710907459259033,,3.184596300125122,,,,,,,
5,,909,,4.483436584472656,,4.479448318481445,,7.845748424530029,,7.848221302032471,,1.8900341987609863,,0.42780643701553345,,1.4622278213500977,,,,,,,
5,,919,,0.5102986097335815,,0.5588546991348267,,1.1277323961257935,,1.0404508113861084,,0.6280800104141235,,0.53534996509552,,0.09273002296686172,,,,,,,
5,,929,,0.2632284164428711,,0.25476300716400146,,0.367031991481781,,0.3714333772659302,,0.745773196220398,,0.7186908721923828,,0.027082333341240883,,,,,,,
5,,939,,2.3301165103912354,,2.2071049213409424,,3.839160680770874,,4.053107738494873,,1.3333282470703125,,0.42714616656303406,,0.906182050704956,,,,,,,
5,,949,,2.3792688846588135,,2.4817662239074707,,5.4764204025268555,,5.258861064910889,,1.2666785717010498,,0.4802752435207367,,0.7864032983779907,,,,,,,
5,,959,,3.0182571411132812,,2.9927103519439697,,9.539344787597656,,9.537055969238281,,1.6312072277069092,,0.43006986379623413,,1.2011374235153198,,,,,,,
5,,965,,,,,,,,,,,,,,,3.0621867179870605,3.0119755268096924,6.455367565155029,6.558408260345459,1.6845946311950684,0.5169893503189087,1.1676051616668701
5,,965,3.086258888244629,,3.0510756969451904,,6.983628749847412,,7.049876689910889,,1.709371566772461,,0.4854390025138855,,1.2239327430725098,,,,,,,,
,0.0002894664728832377,966,,,,,,,,,,,,,,,,,,,,,
6,,969,,6.481199741363525,,6.571582794189453,,15.23119831085205,,15.007363319396973,,2.809114694595337,,0.46897512674331665,,2.340139627456665,,,,,,,
6,,979,,1.9238603115081787,,1.8889561891555786,,5.56563138961792,,5.614590167999268,,1.2771902084350586,,0.5213829278945923,,0.7558072209358215,,,,,,,
6,,989,,0.09581300616264343,,5.011617031414062e-05,,6.806228338973597e-05,,0.2911117672920227,,0.5963683128356934,,0.5923555493354797,,0.004012757912278175,,,,,,,
6,,999,,3.0720014572143555,,3.0405421257019043,,5.1200666427612305,,5.159342288970947,,2.277106761932373,,0.526668906211853,,1.75043785572052,,,,,,,
6,,1009,,21.6660099029541,,21.666440963745117,,38.81498336791992,,38.81319046020508,,7.907528877258301,,0.42917922139167786,,7.478349685668945,,,,,,,
6,,1019,,1.076761245727539,,1.0602455139160156,,2.4276106357574463,,2.4338247776031494,,0.8623777627944946,,0.5429973602294922,,0.31938043236732483,,,,,,,
6,,1029,,5.918567657470703,,5.923758506774902,,16.724258422851562,,16.721723556518555,,2.8064606189727783,,0.47905683517456055,,2.3274037837982178,,,,,,,
6,,1039,,0.12737292051315308,,4.068284761160612e-05,,0.00012204882659716532,,0.2866709232330322,,0.4525294601917267,,0.447239488363266,,0.005289975553750992,,,,,,,
6,,1049,,2.2126846313476562,,2.2448537349700928,,4.513619422912598,,4.411691188812256,,1.116534948348999,,0.433156818151474,,0.6833781003952026,,,,,,,
6,,1059,,0.28778690099716187,,0.1900535225868225,,0.22697237133979797,,0.44667643308639526,,0.4278239607810974,,0.3956214189529419,,0.032202549278736115,,,,,,,
6,,1069,,7.207517623901367,,7.207386016845703,,16.873693466186523,,16.92650604248047,,3.882291793823242,,0.4740197956562042,,3.4082720279693604,,,,,,,
6,,1079,,7.107582092285156,,7.108582496643066,,14.316163063049316,,14.316739082336426,,2.949571371078491,,0.5175788998603821,,2.431992530822754,,,,,,,
6,,1089,,0.11100134253501892,,0.000401943689212203,,0.0007867421372793615,,0.18791335821151733,,0.4376494288444519,,0.4360562264919281,,0.0015932046808302402,,,,,,,
6,,1099,,0.45927760004997253,,0.4894334375858307,,0.7587350010871887,,0.7761011719703674,,0.532660186290741,,0.4663989245891571,,0.06626123934984207,,,,,,,
6,,1109,,0.4660710096359253,,0.39467811584472656,,1.0160120725631714,,1.0198944807052612,,0.5977962017059326,,0.5185427665710449,,0.07925345748662949,,,,,,,
6,,1119,,1.9618866443634033,,1.9416722059249878,,6.948378562927246,,7.021393775939941,,1.221578598022461,,0.44697096943855286,,0.7746076583862305,,,,,,,
6,,1126,,,,,,,,,,,,,,,3.044147491455078,3.0119755268096924,6.455367565155029,6.558089256286621,1.6812494993209839,0.5202254056930542,1.161024570465088
6,,1126,3.085095167160034,,3.051074981689453,,6.983628749847412,,7.049785137176514,,1.7087550163269043,,0.4854646623134613,,1.2232908010482788,,,,,,,,
,0.000285724057869903,1127,,,,,,,,,,,,,,,,,,,,,
7,,1129,,4.309399127960205,,4.291207790374756,,11.632560729980469,,11.700674057006836,,2.309199810028076,,0.6159588098526001,,1.6932408809661865,,,,,,,
7,,1139,,3.415008544921875,,3.4171371459960938,,7.480154991149902,,7.368243217468262,,1.9073841571807861,,0.6010226011276245,,1.3063615560531616,,,,,,,
7,,1149,,3.1072497367858887,,3.0180013179779053,,9.300195693969727,,9.36673355102539,,1.9886921644210815,,0.4117079973220825,,1.576984167098999,,,,,,,
7,,1159,,0.13436293601989746,,8.644482295494527e-05,,9.15326236281544e-05,,0.25616681575775146,,0.38550814986228943,,0.380544513463974,,0.004963621962815523,,,,,,,
7,,1169,,4.225764274597168,,4.13090705871582,,8.697643280029297,,8.928532600402832,,1.9218251705169678,,0.3730196952819824,,1.5488054752349854,,,,,,,
7,,1179,,16.744300842285156,,16.685577392578125,,31.133132934570312,,31.291488647460938,,7.036243438720703,,0.7609130144119263,,6.275330543518066,,,,,,,
7,,1189,,2.0665056705474854,,2.0013368129730225,,4.3430495262146,,4.467219352722168,,1.287266492843628,,0.5327538251876831,,0.7545126676559448,,,,,,,
7,,1199,,0.2812879979610443,,0.26648855209350586,,0.43564489483833313,,0.44090425968170166,,0.41941723227500916,,0.3842243552207947,,0.035192884504795074,,,,,,,
7,,1209,,0.19753721356391907,,0.10862133651971817,,0.2852552533149719,,0.5872637629508972,,0.4348393976688385,,0.41632795333862305,,0.018511442467570305,,,,,,,
7,,1219,,0.4739921987056732,,0.39466285705566406,,1.0160120725631714,,1.022782325744629,,0.5527774691581726,,0.47770795226097107,,0.07506949454545975,,,,,,,
7,,1229,,7.232707500457764,,7.181787967681885,,11.810361862182617,,12.045133590698242,,2.9075634479522705,,0.4251842498779297,,2.482379198074341,,,,,,,
7,,1239,,2.30245041847229,,2.2969675064086914,,5.383538246154785,,5.386832237243652,,1.2372061014175415,,0.4476485252380371,,0.7895575761795044,,,,,,,
7,,1249,,0.2643665075302124,,0.25476300716400146,,0.367031991481781,,0.36961185932159424,,0.7618599534034729,,0.7362633347511292,,0.02559661865234375,,,,,,,
7,,1259,,2.3834164142608643,,2.3177318572998047,,4.240516185760498,,4.386279582977295,,1.466047763824463,,0.5724314451217651,,0.893616259098053,,,,,,,
7,,1269,,9.966800689697266,,9.981595993041992,,20.669422149658203,,20.544357299804688,,4.536628246307373,,0.41486454010009766,,4.121763706207275,,,,,,,
7,,1279,,1.028041124343872,,0.9945142269134521,,1.2190016508102417,,1.4166191816329956,,0.7209444642066956,,0.4017307758331299,,0.3192136883735657,,,,,,,
7,,1287,,,,,,,,,,,,,,,3.0128133296966553,3.0119755268096924,6.455367565155029,6.527994155883789,1.6640805006027222,0.511767566204071,1.152312994003296
7,,1287,3.088979482650757,,3.0510754585266113,,6.9836249351501465,,7.053976535797119,,1.7109031677246094,,0.48727384209632874,,1.223629117012024,,,,,,,,
,0.00028144600200657956,1288,,,,,,,,,,,,,,,,,,,,,
8,,1289,,0.4490765631198883,,0.40437495708465576,,0.7565096020698547,,0.7574300765991211,,0.5534202456474304,,0.4790019989013672,,0.07441823929548264,,,,,,,
8,,1299,,5.116684913635254,,5.093189716339111,,11.79722785949707,,11.903796195983887,,2.9763307571411133,,0.4320351481437683,,2.5442955493927,,,,,,,
8,,1309,,2.9616856575012207,,2.9331939220428467,,6.24285888671875,,6.326775550842285,,1.6748199462890625,,0.5982489585876465,,1.076570987701416,,,,,,,
8,,1319,,0.14147746562957764,,0.10956350713968277,,0.027497148141264915,,0.2098962962627411,,0.42866548895835876,,0.42393064498901367,,0.004734837915748358,,,,,,,
8,,1329,,3.3755478858947754,,3.2771594524383545,,8.415755271911621,,8.550972938537598,,1.7188301086425781,,0.49606359004974365,,1.2227665185928345,,,,,,,
8,,1339,,7.232850551605225,,7.1682610511779785,,13.567829132080078,,13.680953979492188,,3.8358399868011475,,0.5765378475189209,,3.2593021392822266,,,,,,,
8,,1349,,1.9158073663711548,,1.8944917917251587,,6.901248931884766,,6.951381206512451,,1.2845306396484375,,0.5016273856163025,,0.782903254032135,,,,,,,
8,,1359,,3.7493903636932373,,3.7473418712615967,,8.474014282226562,,8.475935935974121,,1.6608073711395264,,0.37705862522125244,,1.283748745918274,,,,,,,
8,,1369,,4.737423896789551,,4.708435535430908,,9.95736026763916,,9.997563362121582,,2.2349905967712402,,0.4264199137687683,,1.8085706233978271,,,,,,,
8,,1379,,1.057167410850525,,1.0534485578536987,,1.3478204011917114,,1.4425287246704102,,0.6941077709197998,,0.39239612221717834,,0.30171167850494385,,,,,,,
8,,1389,,0.32611900568008423,,0.28056401014328003,,0.6768878102302551,,0.6928394436836243,,0.4964798390865326,,0.4440802335739136,,0.05239959806203842,,,,,,,
8,,1399,,4.349896430969238,,4.344773292541504,,8.95075511932373,,9.003726959228516,,2.327597141265869,,0.4594348669052124,,1.8681623935699463,,,,,,,
8,,1409,,0.3606840968132019,,0.28075364232063293,,0.5148853659629822,,0.6392737627029419,,0.4742119014263153,,0.41362687945365906,,0.06058501824736595,,,,,,,
8,,1419,,1.9448503255844116,,1.8381755352020264,,3.093949317932129,,3.240530490875244,,1.0890109539031982,,0.3582592010498047,,0.7307516932487488,,,,,,,
8,,1429,,2.072571039199829,,2.05679988861084,,2.6542091369628906,,2.702843189239502,,1.5890588760375977,,0.46001213788986206,,1.1290466785430908,,,,,,,
8,,1439,,0.1407923698425293,,0.029159417375922203,,0.0567583329975605,,0.2714160978794098,,0.35831812024116516,,0.3525693416595459,,0.005748765543103218,,,,,,,
8,,1448,,,,,,,,,,,,,,,3.0478789806365967,3.0119755268096924,6.455367565155029,6.566216468811035,1.6734983921051025,0.5104689002037048,1.1630293130874634
8,,1448,3.0770223140716553,,3.0510759353637695,,6.983628273010254,,7.022846698760986,,1.7091113328933716,,0.4855557084083557,,1.223556637763977,,,,,,,,
,0.0002766491888253023,1449,,,,,,,,,,,,,,,,,,,,,
9,,1449,,7.011003494262695,,6.9887166023254395,,13.10822868347168,,13.197369575500488,,3.649095058441162,,0.5133240818977356,,3.1357710361480713,,,,,,,
9,,1459,,3.8587944507598877,,3.857950448989868,,8.854345321655273,,8.864313125610352,,1.9056944847106934,,0.5530086159706116,,1.352685809135437,,,,,,,
9,,1469,,0.303605318069458,,0.3269782066345215,,0.38839632272720337,,0.3483148217201233,,0.5643434524536133,,0.5392943620681763,,0.025049107149243355,,,,,,,
9,,1479,,2.8921189308166504,,2.8825161457061768,,7.799008846282959,,7.8329854011535645,,1.981736660003662,,0.5342002511024475,,1.4475363492965698,,,,,,,
9,,1489,,2.2444522380828857,,2.1698379516601562,,5.82757568359375,,5.9577507972717285,,1.2676399946212769,,0.4621596932411194,,0.8054803013801575,,,,,,,
9,,1499,,1.975185513496399,,1.9835309982299805,,4.115699768066406,,4.120019912719727,,1.217917561531067,,0.4557654559612274,,0.7621521353721619,,,,,,,
9,,1509,,3.2667529582977295,,3.256844997406006,,7.601515769958496,,7.626152992248535,,2.0890495777130127,,0.523114025592804,,1.565935492515564,,,,,,,
9,,1519,,0.12162703275680542,,0.08112389594316483,,0.09984755516052246,,0.1638423204421997,,0.591315507888794,,0.5871036648750305,,0.004211831837892532,,,,,,,
9,,1529,,0.9437187314033508,,0.9396891593933105,,1.8659679889678955,,1.8720046281814575,,0.7529631853103638,,0.4294014573097229,,0.32356172800064087,,,,,,,
9,,1539,,5.079357147216797,,5.151554107666016,,12.980375289916992,,12.832974433898926,,2.8952629566192627,,0.5059396624565125,,2.3893232345581055,,,,,,,
9,,1549,,0.5916066765785217,,0.5829859375953674,,1.0829287767410278,,1.0861082077026367,,0.5956892967224121,,0.4339158535003662,,0.1617734134197235,,,,,,,
9,,1559,,5.702550411224365,,5.764938831329346,,14.533501625061035,,14.360726356506348,,2.6007637977600098,,0.4580414593219757,,2.1427223682403564,,,,,,,
9,,1569,,0.19687312841415405,,0.1626756340265274,,0.5032763481140137,,0.5449576377868652,,0.45843279361724854,,0.43963736295700073,,0.018795430660247803,,,,,,,
9,,1579,,1.8075603246688843,,1.7469887733459473,,5.472967624664307,,5.6124267578125,,1.4138636589050293,,0.6598698496818542,,0.7539938688278198,,,,,,,
9,,1589,,1.2022929191589355,,1.2524793148040771,,4.430551528930664,,4.274255275726318,,0.9016789197921753,,0.4560804069042206,,0.4455984830856323,,,,,,,
9,,1599,,5.1476287841796875,,5.081415176391602,,11.58011245727539,,11.684998512268066,,2.308448314666748,,0.3862396478652954,,1.922208547592163,,,,,,,
9,,1609,,6.13577938079834,,6.169304370880127,,12.150321006774902,,11.907461166381836,,2.5561795234680176,,0.4984981417655945,,2.0576813220977783,,,,,,,
9,,1609,,,,,,,,,,,,,,,3.041337251663208,3.0119755268096924,6.455367565155029,6.5628342628479,1.6788798570632935,0.5175266265869141,1.1613532304763794
9,,1609,3.080120086669922,,3.0510759353637695,,6.9836273193359375,,7.039784908294678,,1.7083230018615723,,0.4850720167160034,,1.2232517004013062,,,,,,,,
,0.00027135254915624217,1610,,,,,,,,,,,,,,,,,,,,,
10,,1619,,0.10252251476049423,,0.00046426599146798253,,0.0007998525979928672,,0.33699387311935425,,0.45432886481285095,,0.44947296380996704,,0.0048558954149484634,,,,,,,
10,,1629,,0.7764179706573486,,0.7713382840156555,,1.5359073877334595,,1.5368562936782837,,0.7124689221382141,,0.5134904384613037,,0.1989784687757492,,,,,,,
10,,1639,,2.716857433319092,,2.699763536453247,,7.955022811889648,,7.972827911376953,,1.4789268970489502,,0.5027557611465454,,0.97617107629776,,,,,,,
10,,1649,,0.34332185983657837,,0.2727157771587372,,0.4841068983078003,,0.7008553743362427,,0.4271393418312073,,0.3672839105129242,,0.059855420142412186,,,,,,,
10,,1659,,2.5383987426757812,,2.4630401134490967,,5.461423873901367,,5.6772141456604,,1.3688867092132568,,0.4094223976135254,,0.9594643712043762,,,,,,,
10,,1669,,3.018218994140625,,2.9416019916534424,,7.856675148010254,,8.050546646118164,,1.603224515914917,,0.5059494376182556,,1.0972751379013062,,,,,,,
10,,1679,,3.0524039268493652,,3.0468482971191406,,5.131573677062988,,5.136758327484131,,2.185276985168457,,0.4515761435031891,,1.7337008714675903,,,,,,,
10,,1689,,2.46185564994812,,2.4583473205566406,,3.441080331802368,,3.4482028484344482,,1.8770380020141602,,0.4774441421031952,,1.3995938301086426,,,,,,,
10,,1699,,2.800943613052368,,2.776970386505127,,5.951417922973633,,5.941626071929932,,1.5846929550170898,,0.4014633297920227,,1.1832295656204224,,,,,,,
10,,1709,,0.2748681902885437,,0.16732405126094818,,0.5028236508369446,,0.6946492195129395,,0.4643557071685791,,0.4252605736255646,,0.03909514844417572,,,,,,,
10,,1719,,6.0465826988220215,,6.089954376220703,,14.472171783447266,,14.309423446655273,,3.212571382522583,,0.3768961429595947,,2.8356752395629883,,,,,,,
10,,1729,,0.17256967723369598,,0.059513866901397705,,0.06276673078536987,,0.3404031991958618,,0.6572949886322021,,0.6471756100654602,,0.01011937577277422,,,,,,,
10,,1739,,0.10841455310583115,,0.0007569292210973799,,0.001628199708648026,,0.2708069384098053,,0.631489634513855,,0.6273582577705383,,0.004131357651203871,,,,,,,
10,,1749,,5.438066482543945,,5.478527069091797,,12.32479476928711,,12.097848892211914,,2.9547476768493652,,0.43176692724227905,,2.5229806900024414,,,,,,,
10,,1759,,2.3036272525787354,,2.2880735397338867,,6.425647735595703,,6.446918964385986,,1.5838192701339722,,0.5188101530075073,,1.0650091171264648,,,,,,,
10,,1769,,2.917506217956543,,2.838043451309204,,5.988600730895996,,6.265833377838135,,1.5865983963012695,,0.5229635834693909,,1.0636348724365234,,,,,,,
10,,1770,,,,,,,,,,,,,,,3.0448169708251953,3.0119755268096924,6.455367565155029,6.581962585449219,1.674553632736206,0.5106675028800964,1.1638861894607544
10,,1770,3.0801901817321777,,3.0510761737823486,,6.9836273193359375,,7.048142910003662,,1.70843505859375,,0.48530474305152893,,1.2231303453445435,,,,,,,,
,0.0002655769864163684,1771,,,,,,,,,,,,,,,,,,,,,
11,,1779,,1.6018120050430298,,1.509326457977295,,2.2031915187835693,,2.4592690467834473,,1.0223138332366943,,0.40350186824798584,,0.6188120245933533,,,,,,,
11,,1789,,5.253325462341309,,5.25325345993042,,13.221067428588867,,13.220115661621094,,2.4886012077331543,,0.6060507893562317,,1.8825504779815674,,,,,,,
11,,1799,,1.6039142608642578,,1.5286415815353394,,3.4710230827331543,,3.5681400299072266,,1.1510775089263916,,0.5929494500160217,,0.5581280589103699,,,,,,,
11,,1809,,11.4031400680542,,11.381110191345215,,25.98717498779297,,26.044469833374023,,5.697542667388916,,0.36362260580062866,,5.333920001983643,,,,,,,
11,,1819,,5.075922966003418,,5.052257537841797,,15.122383117675781,,15.123445510864258,,2.4591076374053955,,0.4431670010089874,,2.0159406661987305,,,,,,,
11,,1829,,3.9906296730041504,,3.8881783485412598,,9.320189476013184,,9.617029190063477,,1.994374394416809,,0.4445665180683136,,1.5498079061508179,,,,,,,
11,,1839,,2.43546199798584,,2.43650221824646,,4.705203056335449,,4.697241306304932,,1.3653264045715332,,0.613365113735199,,0.7519612908363342,,,,,,,
11,,1849,,0.08103960752487183,,0.0007283100276254117,,0.0012967828661203384,,0.22037532925605774,,0.5499833822250366,,0.5474452972412109,,0.0025381140876561403,,,,,,,
11,,1859,,1.4326728582382202,,1.419700264930725,,4.171302795410156,,4.173641204833984,,1.1640572547912598,,0.5802101492881775,,0.583847165107727,,,,,,,
11,,1869,,5.226644992828369,,5.190427303314209,,11.6121826171875,,11.839441299438477,,2.3621513843536377,,0.41352832317352295,,1.9486230611801147,,,,,,,
11,,1879,,7.056598663330078,,7.070751190185547,,18.217018127441406,,18.09086799621582,,4.045234680175781,,0.47336345911026,,3.571871280670166,,,,,,,
11,,1889,,0.5679877996444702,,0.5389829874038696,,1.4344843626022339,,1.4392215013504028,,0.5666174292564392,,0.4123721122741699,,0.15424533188343048,,,,,,,
11,,1899,,0.14896373450756073,,0.10960418730974197,,0.02755817212164402,,0.1866479218006134,,0.41339239478111267,,0.40887823700904846,,0.004514152184128761,,,,,,,
11,,1909,,2.5516726970672607,,2.600912094116211,,6.400202751159668,,6.270066261291504,,1.613072395324707,,0.6663880944252014,,0.9466842412948608,,,,,,,
11,,1919,,0.1104009598493576,,0.010682033374905586,,0.03233223780989647,,0.25016456842422485,,0.41263580322265625,,0.40852290391921997,,0.0041128844022750854,,,,,,,
11,,1929,,3.062351703643799,,3.137047529220581,,5.228409767150879,,5.095317363739014,,2.3774333000183105,,0.6476171016693115,,1.7298163175582886,,,,,,,
11,,1931,,,,,,,,,,,,,,,3.055076837539673,3.0119755268096924,6.455367565155029,6.52315092086792,1.6868263483047485,0.5226280689239502,1.1641982793807983
11,,1931,3.078303813934326,,3.0510754585266113,,6.9836273193359375,,7.046004772186279,,1.7082383632659912,,0.4849492013454437,,1.223288655281067,,,,,,,,
,0.0002593452941132117,1932,,,,,,,,,,,,,,,,,,,,,
12,,1939,,2.056750774383545,,2.009216785430908,,6.914064884185791,,6.926271915435791,,1.3743605613708496,,0.4903293251991272,,0.8840312361717224,,,,,,,
12,,1949,,0.4081552028656006,,0.4040035009384155,,0.7557533383369446,,0.7573979496955872,,0.6739068627357483,,0.6093383431434631,,0.06456851214170456,,,,,,,
12,,1959,,4.4581804275512695,,4.4643096923828125,,7.651512622833252,,7.598577976226807,,1.8801851272583008,,0.4278319478034973,,1.4523531198501587,,,,,,,
12,,1969,,2.320939064025879,,2.314363718032837,,4.895423412322998,,4.899576663970947,,1.3897740840911865,,0.6214061975479126,,0.7683678269386292,,,,,,,
12,,1979,,4.097747325897217,,4.060367107391357,,9.203917503356934,,9.299933433532715,,2.049596071243286,,0.542570948600769,,1.507025122642517,,,,,,,
12,,1989,,0.10793150216341019,,0.012039056047797203,,0.044512808322906494,,0.3043205142021179,,0.3820425570011139,,0.37790870666503906,,0.0041338615119457245,,,,,,,
12,,1999,,5.6845502853393555,,5.630840301513672,,13.937162399291992,,14.102132797241211,,2.887859344482422,,0.40169602632522583,,2.486163377761841,,,,,,,
12,,2009,,2.1182916164398193,,2.111408233642578,,5.515206813812256,,5.525538444519043,,1.397777795791626,,0.5757961273193359,,0.82198166847229,,,,,,,
12,,2019,,4.443822860717773,,4.514324188232422,,8.212743759155273,,8.133209228515625,,2.9359288215637207,,0.47682058811187744,,2.459108352661133,,,,,,,
12,,2029,,0.11138859391212463,,0.00021529218065552413,,0.00027633027639240026,,0.14512594044208527,,0.6106225848197937,,0.6066169738769531,,0.004005630500614643,,,,,,,
12,,2039,,2.305349111557007,,2.3010644912719727,,5.814132213592529,,5.817142963409424,,1.5774188041687012,,0.6938937902450562,,0.8835249543190002,,,,,,,
12,,2049,,0.5596401691436768,,0.5444827675819397,,0.9769141674041748,,0.9828751087188721,,0.6078961491584778,,0.4965350031852722,,0.11136114597320557,,,,,,,
12,,2059,,0.5815879702568054,,0.5390287637710571,,1.4345453977584839,,1.4485924243927002,,0.5365322828292847,,0.38621875643730164,,0.15031355619430542,,,,,,,
12,,2069,,5.147974967956543,,5.213082313537598,,14.592509269714355,,14.367003440856934,,2.8176889419555664,,0.5090391635894775,,2.308649778366089,,,,,,,
12,,2079,,5.273204326629639,,5.278095245361328,,13.499631881713867,,13.507351875305176,,2.8946609497070312,,0.48943084478378296,,2.4052300453186035,,,,,,,
12,,2089,,2.718932628631592,,2.6987721920013428,,7.461005687713623,,7.472289562225342,,1.768151044845581,,0.43686729669570923,,1.331283688545227,,,,,,,
12,,2092,,,,,,,,,,,,,,,3.034161329269409,3.0119755268096924,6.455367565155029,6.53377628326416,1.6735812425613403,0.5143850445747375,1.159195899963379
12,,2092,3.080519199371338,,3.0510761737823486,,6.9836297035217285,,7.041983127593994,,1.7081048488616943,,0.4850628674030304,,1.2230424880981445,,,,,,,,
,0.0002526820658893033,2093,,,,,,,,,,,,,,,,,,,,,
13,,2099,,6.363974571228027,,6.343482971191406,,14.57630729675293,,14.650069236755371,,3.508054733276367,,0.46373140811920166,,3.044323444366455,,,,,,,
13,,2109,,2.711202621459961,,2.618778944015503,,6.11942720413208,,6.243783950805664,,1.3926985263824463,,0.4298180043697357,,0.962880551815033,,,,,,,
13,,2119,,0.12376558780670166,,0.018888913094997406,,0.034189414232969284,,0.27875739336013794,,0.47231653332710266,,0.46768268942832947,,0.004633844364434481,,,,,,,
13,,2129,,3.174644947052002,,3.0872535705566406,,6.77569580078125,,7.049983024597168,,1.5288722515106201,,0.4300477206707001,,1.0988245010375977,,,,,,,
13,,2139,,2.519200563430786,,2.508277416229248,,6.325848579406738,,6.326640605926514,,1.3202711343765259,,0.4363844692707062,,0.8838866949081421,,,,,,,
13,,2149,,8.318572998046875,,8.277020454406738,,17.877002716064453,,17.98696517944336,,4.374057769775391,,0.5741205215454102,,3.7999370098114014,,,,,,,
13,,2159,,2.403090476989746,,2.3481791019439697,,6.090429782867432,,6.2896928787231445,,1.4044755697250366,,0.5380943417549133,,0.8663812279701233,,,,,,,
13,,2169,,0.22635486721992493,,0.2178400754928589,,0.5816649198532104,,0.5833985805511475,,0.5385399460792542,,0.5034098029136658,,0.03513015806674957,,,,,,,
13,,2179,,0.3531063497066498,,0.2941622734069824,,0.4519489109516144,,0.6035049557685852,,0.44963839650154114,,0.3932265043258667,,0.05641188472509384,,,,,,,
13,,2189,,4.5780487060546875,,4.584611892700195,,7.88131046295166,,7.835432052612305,,1.9038348197937012,,0.43246883153915405,,1.471366047859192,,,,,,,
13,,2199,,3.0671517848968506,,3.053631544113159,,7.339426040649414,,7.340034484863281,,1.740667462348938,,0.4810961186885834,,1.2595713138580322,,,,,,,
13,,2209,,7.25979471206665,,7.255903720855713,,11.967195510864258,,12.05638313293457,,2.87459135055542,,0.4007941484451294,,2.47379732131958,,,,,,,
13,,2219,,1.9263567924499512,,1.879267930984497,,4.021210193634033,,4.082238674163818,,1.1931753158569336,,0.5185730457305908,,0.6746022701263428,,,,,,,
13,,2229,,7.232624053955078,,7.212562561035156,,15.97170352935791,,15.971736907958984,,3.037951946258545,,0.43525660037994385,,2.6026952266693115,,,,,,,
13,,2239,,5.336220741271973,,5.30075740814209,,11.618657112121582,,11.738333702087402,,2.3685660362243652,,0.4147828221321106,,1.9537832736968994,,,,,,,
13,,2249,,0.07071854174137115,,0.0024271514266729355,,0.004239664878696203,,0.17182913422584534,,0.5572445392608643,,0.5549777150154114,,0.002266832860186696,,,,,,,
13,,2253,,,,,,,,,,,,,,,3.041504383087158,3.0119755268096924,6.455367565155029,6.516073703765869,1.672972321510315,0.5116861462593079,1.161286473274231
13,,2253,3.0767855644226074,,3.0510754585266113,,6.9836297035217285,,7.039376258850098,,1.7072522640228271,,0.4840083122253418,,1.2232437133789062,,,,,,,,
,0.0002456135984623034,2254,,,,,,,,,,,,,,,,,,,,,
14,,2259,,2.1817750930786133,,2.1785073280334473,,6.076254844665527,,6.0766096115112305,,1.507941484451294,,0.5547407865524292,,0.9532007575035095,,,,,,,
14,,2269,,0.11805062741041183,,0.0005978295230306685,,0.0008530253544449806,,0.15403786301612854,,0.5984802842140198,,0.5935949683189392,,0.0048852963373064995,,,,,,,
14,,2279,,4.81564474105835,,4.854089260101318,,10.815701484680176,,10.696413040161133,,3.0372722148895264,,0.4419000744819641,,2.595372200012207,,,,,,,
14,,2289,,2.4668402671813965,,2.4575600624084473,,5.558595180511475,,5.57208251953125,,1.7882353067398071,,0.4654531478881836,,1.3227821588516235,,,,,,,
14,,2299,,0.41379138827323914,,0.40584999322891235,,0.9302185773849487,,0.9328950643539429,,0.4789350628852844,,0.4012744426727295,,0.07766060531139374,,,,,,,
14,,2309,,0.17724183201789856,,0.04529086500406265,,0.11021069437265396,,0.4050564169883728,,0.38908323645591736,,0.3778062164783478,,0.011277025565505028,,,,,,,
14,,2319,,2.4449028968811035,,2.498728036880493,,6.031320095062256,,5.943288803100586,,1.2825661897659302,,0.45527899265289307,,0.8272871971130371,,,,,,,
14,,2329,,0.13473835587501526,,5.583528763963841e-05,,6.812822539359331e-05,,0.31947988271713257,,0.5905089974403381,,0.5872141122817993,,0.00329489610157907,,,,,,,
14,,2339,,3.3654510974884033,,3.2330734729766846,,8.364814758300781,,8.679409980773926,,1.7113536596298218,,0.497660756111145,,1.2136929035186768,,,,,,,
14,,2349,,0.7222752571105957,,0.5992521047592163,,1.271488070487976,,1.569370985031128,,0.7685413956642151,,0.5551732778549194,,0.21336813271045685,,,,,,,
14,,2359,,0.19687578082084656,,0.162695974111557,,0.5033373832702637,,0.5210293531417847,,0.47376981377601624,,0.45727163553237915,,0.016498172655701637,,,,,,,
14,,2369,,2.6451425552368164,,2.613687515258789,,8.375088691711426,,8.4864501953125,,1.604288101196289,,0.49028560519218445,,1.1140024662017822,,,,,,,
14,,2379,,1.892163634300232,,1.8885259628295898,,4.009131908416748,,4.015302658081055,,1.1859863996505737,,0.44122442603111267,,0.7447619438171387,,,,,,,
14,,2389,,5.866222381591797,,5.975051403045654,,15.443558692932129,,15.243734359741211,,3.3897578716278076,,0.4221208393573761,,2.967637062072754,,,,,,,
14,,2399,,3.316424608230591,,3.3090951442718506,,7.78032922744751,,7.773611545562744,,1.609841227531433,,0.4089678227901459,,1.2008733749389648,,,,,,,
14,,2409,,4.3943915367126465,,4.371353626251221,,7.5613603591918945,,7.566606521606445,,1.88687264919281,,0.4365180432796478,,1.4503545761108398,,,,,,,
14,,2414,,,,,,,,,,,,,,,3.0335206985473633,3.0119755268096924,6.455367565155029,6.525149345397949,1.6779290437698364,0.5192575454711914,1.158671259880066
14,,2414,3.085639476776123,,3.051074981689453,,6.9836273193359375,,7.045117378234863,,1.7066079378128052,,0.48340076208114624,,1.2232072353363037,,,,,,,,
,0.00023816778784387096,2415,,,,,,,,,,,,,,,,,,,,,
15,,2419,,2.1826183795928955,,2.1865859031677246,,5.822554111480713,,5.765905380249023,,1.3055459260940552,,0.5175366401672363,,0.7880092859268188,,,,,,,
15,,2429,,2.5503883361816406,,2.611372470855713,,3.638655185699463,,3.4666974544525146,,2.0280256271362305,,0.6108136177062988,,1.417211890220642,,,,,,,
15,,2439,,0.47457045316696167,,0.45841318368911743,,0.7036178112030029,,0.7468152642250061,,0.7031459212303162,,0.6247860193252563,,0.07835990190505981,,,,,,,
15,,2449,,1.18012535572052,,1.1849721670150757,,2.1562540531158447,,2.1651437282562256,,0.7744356393814087,,0.40818750858306885,,0.36624810099601746,,,,,,,
15,,2459,,1.6354693174362183,,1.5319970846176147,,3.3563709259033203,,3.5802249908447266,,1.0881953239440918,,0.44143396615982056,,0.6467613577842712,,,,,,,
15,,2469,,3.769011974334717,,3.8029699325561523,,8.68320083618164,,8.533110618591309,,1.967344045639038,,0.609350860118866,,1.357993245124817,,,,,,,
15,,2479,,0.8978452086448669,,0.8951570987701416,,1.8805475234985352,,1.8789668083190918,,0.8638352155685425,,0.6114388704299927,,0.2523963749408722,,,,,,,
15,,2489,,9.241239547729492,,9.187601089477539,,21.467060089111328,,21.648151397705078,,4.642273902893066,,0.45882779359817505,,4.183445930480957,,,,,,,
15,,2499,,2.5179378986358643,,2.508293867111206,,5.558638572692871,,5.5709710121154785,,1.7581526041030884,,0.5881253480911255,,1.170027256011963,,,,,,,
15,,2509,,0.22767409682273865,,0.22049757838249207,,0.3184671401977539,,0.34560513496398926,,0.41390514373779297,,0.40110519528388977,,0.012799955904483795,,,,,,,
15,,2519,,1.6373317241668701,,1.665999174118042,,3.0940752029418945,,3.0289766788482666,,0.9395906925201416,,0.4735066890716553,,0.46608397364616394,,,,,,,
15,,2529,,0.08488478511571884,,3.559831020538695e-05,,0.0,,0.1666436791419983,,0.4596079885959625,,0.4573080539703369,,0.0022999285720288754,,,,,,,
15,,2539,,4.38565731048584,,4.371286392211914,,7.561293125152588,,7.563830852508545,,1.8802845478057861,,0.4305516481399536,,1.4497328996658325,,,,,,,
15,,2549,,5.354225158691406,,5.354670524597168,,13.87812614440918,,13.901077270507812,,3.0021142959594727,,0.5699892640113831,,2.4321250915527344,,,,,,,
15,,2559,,2.072958469390869,,1.992356300354004,,5.984567165374756,,6.124160289764404,,1.2582850456237793,,0.5012636780738831,,0.757021427154541,,,,,,,
15,,2569,,2.453751802444458,,2.4226508140563965,,6.263473987579346,,6.267023086547852,,1.5348389148712158,,0.6525163054466248,,0.8823226094245911,,,,,,,
15,,2575,,,,,,,,,,,,,,,3.036007881164551,3.0119755268096924,6.455367565155029,6.53195858001709,1.6761891841888428,0.5165444612503052,1.1596447229385376
15,,2575,3.0764694213867188,,3.0510754585266113,,6.9836273193359375,,7.039294719696045,,1.706753134727478,,0.4839276969432831,,1.2228258848190308,,,,,,,,
,0.00023037401924684944,2576,,,,,,,,,,,,,,,,,,,,,
16,,2579,,2.3900012969970703,,2.4471490383148193,,6.2275567054748535,,6.030057430267334,,1.435549020767212,,0.6299573183059692,,0.8055917620658875,,,,,,,
16,,2589,,14.41157341003418,,14.313834190368652,,26.203432083129883,,26.4094181060791,,6.073519706726074,,0.7079885005950928,,5.3655314445495605,,,,,,,
16,,2599,,2.637298345565796,,2.561833143234253,,7.374520301818848,,7.456757545471191,,1.6326907873153687,,0.5151058435440063,,1.1175849437713623,,,,,,,
16,,2609,,3.1915643215179443,,3.261200189590454,,7.5483574867248535,,7.329824447631836,,1.8356189727783203,,0.4337303340435028,,1.4018886089324951,,,,,,,
16,,2619,,0.2224772721529007,,0.1739785522222519,,0.19088245928287506,,0.342195063829422,,0.42715585231781006,,0.4105808138847351,,0.016575032845139503,,,,,,,
16,,2629,,0.11107935011386871,,0.0003989128745160997,,0.0006637646583840251,,0.20225811004638672,,0.5895837545394897,,0.5860252380371094,,0.003558539319783449,,,,,,,
16,,2639,,3.078188180923462,,3.1518120765686035,,6.728578090667725,,6.544755935668945,,1.7675093412399292,,0.49655866622924805,,1.2709506750106812,,,,,,,
16,,2649,,0.354506254196167,,0.34387993812561035,,0.6852378845214844,,0.6898646354675293,,0.5358526706695557,,0.4790950417518616,,0.056757621467113495,,,,,,,
16,,2659,,2.5175909996032715,,2.524106740951538,,6.455039024353027,,6.443633079528809,,1.5449466705322266,,0.4993983507156372,,1.0455483198165894,,,,,,,
16,,2669,,10.068068504333496,,10.070867538452148,,21.908416748046875,,21.907333374023438,,4.124699115753174,,0.4972071945667267,,3.6274917125701904,,,,,,,
16,,2679,,2.968728542327881,,2.9673430919647217,,5.6764984130859375,,5.6836652755737305,,2.0841991901397705,,0.46524888277053833,,1.6189502477645874,,,,,,,
16,,2689,,0.4917033314704895,,0.4238830804824829,,0.45124274492263794,,0.7214298248291016,,0.439487099647522,,0.37627479434013367,,0.06321229785680771,,,,,,,
16,,2699,,2.4493722915649414,,2.4338340759277344,,6.311478614807129,,6.3123297691345215,,1.3574244976043701,,0.4929237961769104,,0.8645006418228149,,,,,,,
16,,2709,,7.015740394592285,,7.042189121246338,,18.908191680908203,,18.76157569885254,,3.8963708877563477,,0.4267268478870392,,3.469644069671631,,,,,,,
16,,2719,,2.33142352104187,,2.3294546604156494,,3.1382856369018555,,3.1740705966949463,,1.6068787574768066,,0.41714879870414734,,1.189729928970337,,,,,,,
16,,2729,,7.922028541564941,,7.99365758895874,,16.733470916748047,,16.549104690551758,,3.2638113498687744,,0.4229114055633545,,2.84089994430542,,,,,,,
16,,2736,,,,,,,,,,,,,,,3.039938449859619,3.0119755268096924,6.455367565155029,6.528743267059326,1.6815077066421509,0.5212045907974243,1.1603031158447266
16,,2736,3.08193302154541,,3.051074981689453,,6.983628273010254,,7.048820495605469,,1.7069271802902222,,0.48371797800064087,,1.2232095003128052,,,,,,,,
,0.00022226305111525726,2737,,,,,,,,,,,,,,,,,,,,,
17,,2739,,0.11899179220199585,,0.03970346972346306,,0.041878778487443924,,0.17884528636932373,,0.5394960045814514,,0.5366967916488647,,0.002799220383167267,,,,,,,
17,,2749,,2.400374174118042,,2.397616147994995,,5.7601189613342285,,5.760903835296631,,1.2604403495788574,,0.38390183448791504,,0.8765384554862976,,,,,,,
17,,2759,,3.6342339515686035,,3.6308789253234863,,8.739110946655273,,8.742340087890625,,1.75295090675354,,0.49511709809303284,,1.2578338384628296,,,,,,,
17,,2769,,3.906038284301758,,3.869737148284912,,10.428245544433594,,10.444717407226562,,2.1511154174804688,,0.6324937343597412,,1.518621563911438,,,,,,,
17,,2779,,0.5057113170623779,,0.5114779472351074,,0.6738635897636414,,0.6820589900016785,,0.3916536569595337,,0.33378976583480835,,0.05786387622356415,,,,,,,
17,,2789,,0.11418183892965317,,0.0007642597774975002,,0.0016353745013475418,,0.24057132005691528,,0.8019081950187683,,0.7977670431137085,,0.004141123034060001,,,,,,,
17,,2799,,5.983826637268066,,6.0628461837768555,,14.822856903076172,,14.63211441040039,,3.4076671600341797,,0.49921485781669617,,2.908452272415161,,,,,,,
17,,2809,,6.146471977233887,,6.097618103027344,,14.76980972290039,,14.876592636108398,,2.863980293273926,,0.48541128635406494,,2.3785691261291504,,,,,,,
17,,2819,,0.0918894112110138,,0.00044453435111790895,,0.0007998793735168874,,0.24575039744377136,,0.44871509075164795,,0.44563230872154236,,0.0030827943701297045,,,,,,,
17,,2829,,5.151549339294434,,5.253205299377441,,13.753632545471191,,13.524077415466309,,2.3621349334716797,,0.45084041357040405,,1.9112944602966309,,,,,,,
17,,2839,,0.5802066922187805,,0.5762571096420288,,1.0763249397277832,,1.074859857559204,,0.4853658974170685,,0.38955843448638916,,0.09580746293067932,,,,,,,
17,,2849,,1.1547350883483887,,1.2310782670974731,,1.1930454969406128,,1.1942315101623535,,0.7312191128730774,,0.5212185978889465,,0.21000052988529205,,,,,,,
17,,2859,,0.6731576919555664,,0.657368004322052,,0.6873523592948914,,0.6945751309394836,,0.5539054274559021,,0.3978089392185211,,0.15609650313854218,,,,,,,
17,,2869,,2.7492475509643555,,2.7052180767059326,,9.034472465515137,,9.034954071044922,,1.6323260068893433,,0.4859609603881836,,1.1463650465011597,,,,,,,
17,,2879,,1.6568803787231445,,1.6512196063995361,,2.54844331741333,,2.5501601696014404,,0.989669680595398,,0.4486077129840851,,0.5410619378089905,,,,,,,
17,,2889,,1.6233394145965576,,1.5092533826828003,,2.2031311988830566,,2.436922073364258,,1.1884044408798218,,0.5661787986755371,,0.6222256422042847,,,,,,,
17,,2897,,,,,,,,,,,,,,,3.045691967010498,3.0119755268096924,6.455367565155029,6.559347152709961,1.6769850254058838,0.514484703540802,1.1625003814697266
17,,2897,3.082125425338745,,3.0510754585266113,,6.9836297035217285,,7.0391154289245605,,1.7072243690490723,,0.484316349029541,,1.2229081392288208,,,,,,,,
,0.00021386689373476087,2898,,,,,,,,,,,,,,,,,,,,,
18,,2899,,0.08535198867321014,,0.000700990145560354,,0.001567175262607634,,0.24546143412590027,,0.5693473815917969,,0.5677816867828369,,0.0015656792093068361,,,,,,,
18,,2909,,3.4906368255615234,,3.4907641410827637,,8.330395698547363,,8.333270072937012,,1.981779932975769,,0.4096287488937378,,1.5721511840820312,,,,,,,
18,,2919,,0.24491743743419647,,0.17931440472602844,,0.1625773310661316,,0.34434065222740173,,0.5507455468177795,,0.5322616696357727,,0.018483871594071388,,,,,,,
18,,2929,,1.9900380373001099,,1.9751338958740234,,5.514739990234375,,5.5138630867004395,,1.4436687231063843,,0.5881662368774414,,0.8555024862289429,,,,,,,
18,,2939,,0.40615785121917725,,0.33018726110458374,,0.5641397833824158,,0.7378876209259033,,0.4405041038990021,,0.37841635942459106,,0.06208774074912071,,,,,,,
18,,2949,,2.933265209197998,,2.9190661907196045,,7.698868751525879,,7.7435150146484375,,1.5315885543823242,,0.5135621428489685,,1.0180264711380005,,,,,,,
18,,2959,,2.3860855102539062,,2.3804891109466553,,5.192731857299805,,5.202564239501953,,1.5018396377563477,,0.4296382665634155,,1.0722013711929321,,,,,,,
18,,2969,,3.1925840377807617,,3.113473892211914,,7.4416584968566895,,7.645023345947266,,1.673325538635254,,0.4694899916648865,,1.2038356065750122,,,,,,,
18,,2979,,0.2053520530462265,,0.156343474984169,,0.2915321886539459,,0.40023910999298096,,0.3554774224758148,,0.342089980840683,,0.013387439772486687,,,,,,,
18,,2989,,5.667780876159668,,5.7009358406066895,,14.034872055053711,,13.970871925354004,,2.950291395187378,,0.4615010619163513,,2.488790273666382,,,,,,,
18,,2999,,0.9238017797470093,,0.9180072546005249,,1.8015035390853882,,1.80103600025177,,0.7859430313110352,,0.5389388799667358,,0.24700415134429932,,,,,,,
18,,3009,,0.7022340297698975,,0.6152715086936951,,1.3036497831344604,,1.530696988105774,,0.7775049805641174,,0.5691183805465698,,0.2083865851163864,,,,,,,
18,,3019,,3.329474449157715,,3.317601203918457,,10.009594917297363,,10.00239086151123,,1.9207340478897095,,0.5836678743362427,,1.3370661735534668,,,,,,,
18,,3029,,7.178800106048584,,7.092372894287109,,11.722336769104004,,11.952058792114258,,3.0244414806365967,,0.5628537535667419,,2.46158766746521,,,,,,,
18,,3039,,2.323399782180786,,2.3169760704040527,,6.007129669189453,,6.056724548339844,,1.2651017904281616,,0.44585636258125305,,0.819245457649231,,,,,,,
18,,3049,,5.27495002746582,,5.278095245361328,,13.499631881713867,,13.500179290771484,,2.8945322036743164,,0.48789870738983154,,2.4066336154937744,,,,,,,
18,,3058,,,,,,,,,,,,,,,3.0372233390808105,3.0119755268096924,6.455367565155029,6.561221122741699,1.6710724830627441,0.5107543468475342,1.16031813621521
18,,3058,3.0778403282165527,,3.0510752201080322,,6.9836273193359375,,7.039827346801758,,1.706465244293213,,0.4834362864494324,,1.2230298519134521,,,,,,,,
,0.00020521868290270169,3059,,,,,,,,,,,,,,,,,,,,,
19,,3059,,2.2636985778808594,,2.2551584243774414,,4.7042717933654785,,4.699827194213867,,1.2042697668075562,,0.38989362120628357,,0.8143761157989502,,,,,,,
19,,3069,,7.607685565948486,,7.675222396850586,,15.832212448120117,,15.604640007019043,,3.0107250213623047,,0.37539955973625183,,2.6353254318237305,,,,,,,
19,,3079,,0.09037607908248901,,0.0005918178940191865,,0.0012198426993563771,,0.20681607723236084,,0.5948978066444397,,0.592401921749115,,0.0024959109723567963,,,,,,,
19,,3089,,5.951851844787598,,5.891287326812744,,12.987188339233398,,13.092205047607422,,2.869080066680908,,0.44577157497406006,,2.4233086109161377,,,,,,,
19,,3099,,3.278336763381958,,3.21855092048645,,7.689785003662109,,7.859079837799072,,1.6327403783798218,,0.4445582628250122,,1.1881821155548096,,,,,,,
19,,3109,,5.700048923492432,,5.645948886871338,,13.174432754516602,,13.263280868530273,,3.174485683441162,,0.4847162961959839,,2.6897695064544678,,,,,,,
19,,3119,,0.470091849565506,,0.43618136644363403,,0.9890512228012085,,1.138461709022522,,0.42121821641921997,,0.34057608246803284,,0.08064214885234833,,,,,,,
19,,3129,,8.389845848083496,,8.370318412780762,,20.212982177734375,,20.375804901123047,,4.206954002380371,,0.44150638580322266,,3.7654473781585693,,,,,,,
19,,3139,,2.4698188304901123,,2.4583752155303955,,3.441110849380493,,3.4640064239501953,,1.8236595392227173,,0.4090283215045929,,1.4146312475204468,,,,,,,
19,,3149,,3.628089666366577,,3.556483268737793,,7.978026866912842,,8.173194885253906,,1.7681772708892822,,0.41596460342407227,,1.35221266746521,,,,,,,
19,,3159,,7.382221221923828,,7.34512996673584,,15.491524696350098,,15.569815635681152,,3.494813919067383,,0.37066447734832764,,3.1241493225097656,,,,,,,
19,,3169,,4.556939125061035,,4.622805595397949,,12.571657180786133,,12.39655590057373,,2.7103214263916016,,0.6685206294059753,,2.0418007373809814,,,,,,,
19,,3179,,0.1069929227232933,,0.0004540944064501673,,0.0007998525979928672,,0.198510080575943,,0.40559375286102295,,0.40380987524986267,,0.0017838856438174844,,,,,,,
19,,3189,,2.013744354248047,,1.9494701623916626,,6.399428367614746,,6.4417805671691895,,1.2722007036209106,,0.3567562997341156,,0.9154443740844727,,,,,,,
19,,3199,,0.11823824793100357,,0.0007162471301853657,,0.0016282100696116686,,0.2217962145805359,,0.6237291693687439,,0.6197463870048523,,0.003982788883149624,,,,,,,
19,,3209,,3.8081910610198975,,3.8033835887908936,,7.832329750061035,,7.817260265350342,,2.05352783203125,,0.4645805060863495,,1.5889474153518677,,,,,,,
19,,3219,,3.7524242401123047,,3.7974209785461426,,9.508801460266113,,9.367522239685059,,2.2465670108795166,,0.41113168001174927,,1.835435390472412,,,,,,,
19,,3219,,,,,,,,,,,,,,,3.0400876998901367,3.0119755268096924,6.455367565155029,6.565110206604004,1.6771035194396973,0.5160567164421082,1.1610469818115234
19,,3219,3.0779788494110107,,3.0510756969451904,,6.983631134033203,,7.035364627838135,,1.7066233158111572,,0.4834699332714081,,1.2231532335281372,,,,,,,,
